{"weights": [0.05553478066816481, 0.20998826214669666, 0.06326009393038337, 0.04754418066287081, 0.14669039932784653, 0.2340630945137385, 0.006447805812954418, 0.16419011588309135, -0.0032283965346677703, 0.025690062290038423, 0.12043556355688596, 0.13024835106839097, -0.09897277784416898, 0.00104979647204293, -0.024803906825240474, -0.1173099836008215, 0.0632600939303826, -0.006857536247655832], "bias": -1.5668748012147116}